{"cameraMode":{"drawMode":0,"name":"Shaded","section":"Shading Mode"},"sceneLighting":true,"audioPlay":false,"sceneViewState":{"m_AlwaysRefresh":false,"showFog":true,"showSkybox":true,"showFlares":true,"showImageEffects":true,"showParticleSystems":true,"showVisualEffectGraphs":true,"m_FxEnabled":true},"in2DMode":false,"pivot":{"x":37.09526443481445,"y":189.20266723632813,"z":-127.85896301269531},"rotation":{"x":0.002112214220687747,"y":0.009856791235506535,"z":0.000159839415573515,"w":1.000352382659912},"size":118.95169067382813,"orthographic":false}